osnma,7,0,01011000,11000001000011000111110010010011,00000010010101010101010101010101010101010101010101010101010101010101010101010101010101010101010101001010110000110110100001110011
osnma,7,0,00001000,01011011111001100000000000000000,00000010010101010101010101010101010101010101010101010101010101010101010101010101010101010101010101001010110000110110100001110101
osnma,7,2,01010010,11110001011110001111100000010100,00001000011100111000110101101010111110100000111100100111000000000111100001010000111001001101111110111010010010110001010000001001
osnma,7,4,01010001,00101111110011100001001100010101,00010000011100110001111111111111010000111111111110000000111001111110111111101001010110111110000011011111111111110001000100000001
osnma,7,6,10111011,00000000111011100101101110011101,00011011111111111111111111111111111111000000000000000000000001000100100011000010101100100010011110001001000110110100001111011010
osnma,7,9,10000011,00011001000001000011100011010110,00100100110001011100110000100110000011111111010001011111111111101000000011011000000000111000000010000110011001110010111111100110
osnma,7,10,00101001,00100111100110100110101000000011,00101000111110001011100000111111100100001001010001110111111110100011111111111111100000000000000001010100000000001001001000101100
osnma,7,0,11000110,00000011100110011101101100100000,00000010010101010101010101010101010101010101010101010101010101010101010101010101010101010101010101001010110000110110100010000001
osnma,7,0,01110101,11001100001100100000011111000011,00000010010101010101010101010101010101010101010101010101010101010101010101010101010101010101010101001010110000110110100010000011
osnma,7,0,00100000,11110110000000111101000110001100,00000010010101010101010101010101010101010101010101010101010101010101010101010101010101010101010101001010110000110110100010000101
osnma,7,0,11001110,10001010000110000000010111111110,00000010010101010101010101010101010101010101010101010101010101010101010101010101010101010101010101001010110000110110100010000111
osnma,7,0,00011101,10110011100100010000101001010101,00000010010101010101010101010101010101010101010101010101010101010101010101010101010101010101010101001010110000110110100010001001
osnma,7,1,01110111,00010010110001000011101111101101,00000100011100110011100111111001001111111110100011101010100101000000000010100000101100000111101010101000000101000010000111101111
osnma,7,3,01010010,10111110000001111111010000101110,00001100011100111111111111000110011111100010000010011010111111101011001000010101110100110000111011011010111111100001011101101011
osnma,7,5,00101010,11101000010100101111110011010100,00010100101100111000010000010000100000101100000000001100000000110110000000100101011000011011010001000111101010101010101010101010
osnma,7,0,10011010,11111100100101111001010110000111,00000010010101010101010101010101010101010101010101010101010101010101010101010101010101010101010101001010110000110110100010010001
osnma,7,0,11011011,01110110010111000000000000000000,00000010010101010101010101010101010101010101010101010101010101010101010101010101010101010101010101001010110000110110100010010011
osnma,7,2,01010010,10111111001111110100011101110010,00001000011100111000110101101010111110100000111100100111000000000111100001010000111001001101111110111010010010110001010000001001
osnma,7,4,01010010,11111100001000011001001101101100,00010000011100110001111111111111010000111111111110000000111001111110111111101001010110111110000011011111111111110001000100000001
osnma,7,6,11010110,11110110100101010110101001000111,00011011111111111111111111111111111111000000000000000000000001000100100011000010101100100010011110001001000110110100010011001010
osnma,7,7,11111110,00001111000001010110010111010111,00011100110001011100110000000101010101010101010101010101010101010101010101010101010101010101010101010101010101010101010101010101
osnma,7,8,10001101,11000000111011000100000011111111,00100000110101010101010101010101010101010100000000101010101010101010101010101010101010101010101010101010101010101010101010101010
osnma,7,0,11101010,01000000000010111010110000110111,00000010010101010101010101010101010101010101010101010101010101010101010101010101010101010101010101001010110000110110100010011111
osnma,7,0,10011111,01000110000100100001010100000100,00000010010101010101010101010101010101010101010101010101010101010101010101010101010101010101010101001010110000110110100010100001
osnma,7,0,11001000,00101101011000000010001111010011,00000010010101010101010101010101010101010101010101010101010101010101010101010101010101010101010101001010110000110110100010100011
osnma,7,0,01111101,01001011000001111100001100111111,00000010010101010101010101010101010101010101010101010101010101010101010101010101010101010101010101001010110000110110100010100101
osnma,7,0,10001111,10101001001110111111111011101010,00000010010101010101010101010101010101010101010101010101010101010101010101010101010101010101010101001010110000110110100010100111
osnma,7,1,01101011,00011001000001000010111111100000,00000100011100110011100111111001001111111110100011101010100101000000000010100000101100000111101010101000000101000010000111101111
osnma,7,3,11101101,10100011011011001111101000000001,00001100011100111111111111000110011111100010000010011010111111101011001000010101110100110000111011011010111111100001011101101011
osnma,7,5,11100000,11010001010100001000011000001110,00010100101100111000010000010000100000101100000000001100000000110110000000100101011000011011010001010110101010101010101010101010
osnma,7,0,01010011,00010001001111110110110100110010,00000010010101010101010101010101010101010101010101010101010101010101010101010101010101010101010101001010110000110110100010101111
osnma,7,0,01111010,10010101111101100000000000000000,00000010010101010101010101010101010101010101010101010101010101010101010101010101010101010101010101001010110000110110100010110001
osnma,7,2,01010010,01001010110000000001000101010111,00001000011100111000110101101010111110100000111100100111000000000111100001010000111001001101111110111010010010110001010000001001
osnma,7,4,01010011,10001111100010010001001100011100,00010000011100110001111111111111010000111111111110000000111001111110111111101001010110111110000011011111111111110001000100000001
osnma,7,6,10101001,01100110010111111110011000010001,00011011111111111111111111111111111111000000000000000000000001000100100011000010101100100010011110001001000110110100010110111010
osnma,7,9,11100111,00011001000001001001001100101110,00100100110001011100110101010101010101010101010101010101010101010101111011110000000001000100000001100000100110001001111111011011
osnma,7,10,10011011,10011110000011111100110100000011,00101000111110001100001010111111100101110110111001011111111101000111111111111110000000000000000001010100000000001001001000101100
osnma,7,0,10001001,00000011111010010110010111110101,00000010010101010101010101010101010101010101010101010101010101010101010101010101010101010101010101001010110000110110100010111101
osnma,7,0,01110110,01001111101001010000011111000011,00000010010101010101010101010101010101010101010101010101010101010101010101010101010101010101010101001010110000110110100010111111
osnma,7,0,00101111,01000111111011011101011011100110,00000010010101010101010101010101010101010101010101010101010101010101010101010101010101010101010101001010110000110110100011000001
osnma,7,0,10101111,00111001000110000000010111000110,00000010010101010101010101010101010101010101010101010101010101010101010101010101010101010101010101001010110000110110100011000011
osnma,7,0,11001010,11001110001001001010111001010001,00000010010101010101010101010101010101010101010101010101010101010101010101010101010101010101010101001010110000110110100011000101
osnma,7,1,01101110,00010010110001000111111001100010,00000100011100110011100111111001001111111110100011101010100101000000000010100000101100000111101010101000000101000010000111101111
osnma,7,3,00010010,00101100000101101010110011010101,00001100011100111111111111000110011111100010000010011010111111101011001000010101110100110000111011011010111111100001011101101011
osnma,7,5,11100010,11010010001001011110000111010010,00010100101100111000010000010000100000101100000000001100000000110110000000100101011000011011010001100101101010101010101010101010
osnma,7,0,01101111,01101010100111100011111010111001,00000010010101010101010101010101010101010101010101010101010101010101010101010101010101010101010101001010110000110110100011001101
osnma,7,0,01100100,00001011110101000000000000000000,00000010010101010101010101010101010101010101010101010101010101010101010101010101010101010101010101001010110000110110100011001111
osnma,7,2,01010010,00000010010110100110110111010000,00001000011100111000110101101010111110100000111100100111000000000111100001010000111001001101111110111010010010110001010000001001
osnma,7,4,01010100,01010001001010101110001101101110,00010000011100110001111111111111010000111111111110000000111001111110111111101001010110111110000011011111111111110001000100000001
osnma,7,6,01010111,01111010110111111101011101101110,00011011111111111111111111111111111111000000000000000000000001000100100011000010101100100010011110001001000110110100011010101010
osnma,7,7,11000001,00001111000001011001010100001010,00011100110001011100110111110000000001110000000101111011101111011100111111001101110001011011111111111100101100001110001100010101
osnma,7,8,11001001,00011101000111000100110011111111,00100000111111111011111010000000000000000000000000101010101010101010101010101010101010101010101010101010101010101010101010101010
osnma,7,0,00000100,01000000011000000011010001111100,00000010010101010101010101010101010101010101010101010101010101010101010101010101010101010101010101001010110000110110100011011011
osnma,7,0,00010111,00011111001110110000101100000011,00000010010101010101010101010101010101010101010101010101010101010101010101010101010101010101010101001010110000110110100011011101
osnma,7,0,10011000,00100000111001111001101101110000,00000010010101010101010101010101010101010101010101010101010101010101010101010101010101010101010101001010110000110110100011011111
osnma,7,0,11100000,10001001000001111100001111010010,00000010010101010101010101010101010101010101010101010101010101010101010101010101010101010101010101001010110000110110100011100001
osnma,7,0,10010001,00010100000010101100001110111000,00000010010101010101010101010101010101010101010101010101010101010101010101010101010101010101010101001010110000110110100011100011
osnma,7,1,00100001,00011001000001000010001111110010,00000100011100110011100111111001001111111110100011101010100101000000000010100000101100000111101010101000000101000010000111101111
osnma,7,3,10110101,10000010000100111000101001001111,00001100011100111111111111000110011111100010000010011010111111101011001000010101110100110000111011011010111111100001011101101011
osnma,7,5,01100001,10110000011101101101110001100100,00010100101100111000010000010000100000101100000000001100000000110110000000100101011000011011010001110100101010101010101010101010
osnma,7,0,11001000,10110010010110110010010010011001,00000010010101010101010101010101010101010101010101010101010101010101010101010101010101010101010101001010110000110110100011101011
osnma,7,0,10100100,10100010010010000000000000000000,00000010010101010101010101010101010101010101010101010101010101010101010101010101010101010101010101001010110000110110100011101101
osnma,7,2,01010010,00001011010110110011001010000110,00001000011100111000110101101010111110100000111100100111000000000111100001010000111001001101111110111010010010110001010000001001
osnma,7,4,01010101,00110110101111111110001111010111,00010000011100110001111111111111010000111111111110000000111001111110111111101001010110111110000011011111111111110001000100000001
osnma,7,6,11000110,00010101010010011111011101001011,00011011111111111111111111111111111111000000000000000000000001000100100011000010101100100010011110001001000110110100011110011010
osnma,7,9,11000101,00011001000001000110001101001111,00100100110001011100110101010101010101010101010101010101010101010101111100001000000000100000000001000001011111001000000001101010
osnma,7,10,10001011,11010101000101011001011100000011,00101000110011011111010001111111100000001110000100110111111110001001000000000000000000000000000001010100000000001001001000101100
osnma,7,0,01101101,00000011111111110000011111000011,00000010010101010101010101010101010101010101010101010101010101010101010101010101010101010101010101001010110000110110100011111001
osnma,7,0,00011111,10101000110100010000011111000011,00000010010101010101010101010101010101010101010101010101010101010101010101010101010101010101010101001010110000110110100011111011
osnma,7,0,00001001,00101010100110010110010011101000,00000010010101010101010101010101010101010101010101010101010101010101010101010101010101010101010101001010110000110110100011111101
osnma,7,0,00100110,10100000000110000000010111001110,00000010010101010101010101010101010101010101010101010101010101010101010101010101010101010101010101001010110000110110100011111111
osnma,7,0,10010011,10000100000111111111011110111111,00000010010101010101010101010101010101010101010101010101010101010101010101010101010101010101010101001010110000110110100100000001
osnma,7,1,11111111,00001011110000110111001001100110,00000100011100110011100111111001001111111110100011101010100101000000000010100000101100000111101010101000000101000010000111101111
osnma,7,3,01010111,01100011111000011110101110110110,00001100011100111111111111000110011111100010000010011010111111101011001000010101110100110000111011011010111111100001011101101011
osnma,7,5,00110110,10011010110000100100101110100011,00010100101100111000010000010000100000101100000000001100000000110110000000100101011000011011010010000011101010101010101010101010
osnma,7,0,11101101,00110001011010101010101111110001,00000010010101010101010101010101010101010101010101010101010101010101010101010101010101010101010101001010110000110110100100001001
osnma,7,0,00110111,01001100001101110000000000000000,00000010010101010101010101010101010101010101010101010101010101010101010101010101010101010101010101001010110000110110100100001011
osnma,7,2,01010010,01101110110111001000110101101000,00001000011100111000110101101010111110100000111100100111000000000111100001010000111001001101111110111010010010110001010000001001
osnma,7,4,01010110,10001001101011001101001101101111,00010000011100110001111111111111010000111111111110000000111001111110111111101001010110111110000011011111111111110001000100000001
osnma,7,6,01100100,10111110000010010010010011100011,00011011111111111111111111111111111111000000000000000000000001000100100011000010101100100010011110001001000110110100100010001010
osnma,7,7,01110010,00010101000001001010110110100010,00011100110001011100111000100000000001000000000111010101011000010110000011010100011011110111111111111100000111010101010010010101
osnma,7,8,01001110,11000000010110100000111011111111,00100000111111111100000000111111111111111110000000101010101010101010101010101010101010101010101010101010101010101010101010101010
osnma,7,0,01101001,01000000011100101010011010110100,00000010010101010101010101010101010101010101010101010101010101010101010101010101010101010101010101001010110000110110100100010111
osnma,7,0,10111000,10101110101001010000010000000101,00000010010101010101010101010101010101010101010101010101010101010101010101010101010101010101010101001010110000110110100100011001
osnma,7,0,10111001,10011101110011011001110101001011,00000010010101010101010101010101010101010101010101010101010101010101010101010101010101010101010101001010110000110110100100011011
osnma,7,0,00101100,00101111000001111100001111101111,00000010010101010101010101010101010101010101010101010101010101010101010101010101010101010101010101001010110000110110100100011101
osnma,7,0,01100101,11000101001100000100101000010011,00000010010101010101010101010101010101010101010101010101010101010101010101010101010101010101010101001010110000110110100100011111
osnma,7,1,01001000,00011001000001000111000011010100,00000100011100110011100111111001001111111110100011101010100101000000000010100000101100000111101010101000000101000010000111101111
osnma,7,3,01101000,11101100010100110000001111100101,00001100011100111111111111000110011111100010000010011010111111101011001000010101110100110000111011011010111111100001011101101011
osnma,7,5,11100010,01100110000000010110000111010100,00010100101100111000010000010000100000101100000000001100000000110110000000100101011000011011010010010010101010101010101010101010
osnma,7,0,10111110,00110011001101100000010100000000,00000010010101010101010101010101010101010101010101010101010101010101010101010101010101010101010101001010110000110110100100100111
osnma,7,0,11000010,00010001001010100000000000000000,00000010010101010101010101010101010101010101010101010101010101010101010101010101010101010101010101001010110000110110100100101001
osnma,7,2,01010010,00101101011010110010101011000010,00001000011100111000110101101010111110100000111100100111000000000111100001010000111001001101111110111010010010110001010000001001
osnma,7,4,01100111,01000010111001000110001110010001,00010000011100110001111111111111010000111111111110000000111001111110111111101001010110111110000011011111111111110001000100000001
osnma,7,6,10111011,01011011001101011110000000010111,00011011111111111111111111111111111111000000000000000000000001000100100011000010101100100010011110001001000110110100100101111010
osnma,7,9,01101001,00011001000001000101010100000001,00100100110001011100110101010101010101010101010101010101010101010101010100100000000000100000000001010001101001000001000001101010
osnma,7,10,10010100,00011100011110110001001100000011,00101000110011011111010010111111100001011011011110100111111110010101011111111111110000000000000001010100000000001001001000101100
osnma,7,0,00001110,00000011011111010111110011110001,00000010010101010101010101010101010101010101010101010101010101010101010101010101010101010101010101001010110000110110100100110101
osnma,7,0,11001111,10111010101010110000011111000011,00000010010101010101010101010101010101010101010101010101010101010101010101010101010101010101010101001010110000110110100100110111
osnma,7,0,01010010,01011111111100111011001111100000,00000010010101010101010101010101010101010101010101010101010101010101010101010101010101010101010101001010110000110110100100111001
osnma,7,0,01100101,10101100000010110000001110100011,00000010010101010101010101010101010101010101010101010101010101010101010101010101010101010101010101001010110000110110100100111011
osnma,7,0,00110100,01011001011111010010100100101001,00000010010101010101010101010101010101010101010101010101010101010101010101010101010101010101010101001010110000110110100100111101
osnma,7,1,00011011,00010101110001001000110101010000,00000100011100110011100111111001001111111110100011101010100101000000000010100000101100000111101010101000000101000010000111101111
osnma,7,3,01110100,11100000110111100010001011100011,00001100011100111111111111000110011111100010000010011010111111101011001000010101110100110000111011011010111111100001011101101011
osnma,7,5,00001101,00000000111101011010001001101001,00010100101100111000010000010000100000101100000000001100000000110110000000100101011000011011010010100001101010101010101010101010
osnma,7,0,11010001,11110100001111110101000111100010,00000010010101010101010101010101010101010101010101010101010101010101010101010101010101010101010101001010110000110110100101000101
osnma,7,0,01001101,01011111101110010000000000000000,00000010010101010101010101010101010101010101010101010101010101010101010101010101010101010101010101001010110000110110100101000111
osnma,7,2,01010010,01010000110101110100001101010111,00001000011100111000110101101010111110100000111100100111000000000111100001010000111001001101111110111010010010110001010000001001
osnma,7,4,01100000,11111011100011000100001101110110,00010000011100110001111111111111010000111111111110000000111001111110111111101001010110111110000011011111111111110001000100000001
osnma,7,6,00100010,01111001101110101111101101010011,00011011111111111111111111111111111111000000000000000000000001000100100011000010101100100010011110001001000110110100101001101010
osnma,7,7,01010000,00000100000001010011001011000011,00011100110001011100110000010000000001000000000011001011111101010000111111010001110001011111111111111100101110000111110010010101
osnma,7,8,01001001,01010011011110010011110011111111,00100000111111111011101110111111111111000000000100000000001001000000011111110101110000011111111010001110001011111110111111100100
osnma,7,0,00100001,01000000110010001101100110101110,00000010010101010101010101010101010101010101010101010101010101010101010101010101010101010101010101001010110000110110100101010011
osnma,33,0,01101001,01000000101101000100001111000011,00000010010101010101010101010101010101010101010101010101010101010101010101010101010101010101010101001010110000110110100101010011
osnma,7,0,00000100,01111001001101000000010100000011,00000010010101010101010101010101010101010101010101010101010101010101010101010101010101010101010101001010110000110110100101010101
osnma,33,0,01111111,01110011100110010000010100000011,00000010010101010101010101010101010101010101010101010101010101010101010101010101010101010101010101001010110000110110100101010101
osnma,7,0,10101100,00010110110001000011011100000110,00000010010101010101010101010101010101010101010101010101010101010101010101010101010101010101010101001010110000110110100101010111
osnma,33,0,01110001,10111100100101011011100101010000,00000010010101010101010101010101010101010101010101010101010101010101010101010101010101010101010101001010110000110110100101010111
osnma,33,0,11111110,00101110001000011100001110000011,00000010010101010101010101010101010101010101010101010101010101010101010101010101010101010101010101001010110000110110100101011001
osnma,7,0,00111110,10111111000001111100001101001000,00000010010101010101010101010101010101010101010101010101010101010101010101010101010101010101010101001010110000110110100101011001
osnma,33,0,01100010,00010011101111001011101000000100,00000010010101010101010101010101010101010101010101010101010101010101010101010101010101010101010101001010110000110110100101011011
osnma,7,0,00100010,11011110100101100000001100010100,00000010010101010101010101010101010101010101010101010101010101010101010101010101010101010101010101001010110000110110100101011011
osnma,7,1,10010110,00011001000001001110101110010110,00000100011100110011100111111001001111111110100011101010100101000000000010100000101100000111101010101000000101000010000111101111
osnma,33,1,00100000,00011001000001001110101110010110,00000100011100110011100111111000011100001001100111001101101110000000000001000011001000110101001010101000000100110101011101010011
osnma,7,3,01111010,11110010001001011100110111110010,00001100011100111111111111000110011111100010000010011010111111101011001000010101110100110000111011011010111111100001011101101011
osnma,33,3,00110011,11110010001001011100110111110010,00001100011100111111111111000000010101100010000010111011111111101010000011111011100101100011001001100001111111011110110001101011
osnma,7,5,00111000,00000001100001011010011111111001,00010100101100111000010000010000100000101100000000001100000000110110000000100101011000011011010010110000101010101010101010101010
osnma,33,5,00101110,00000001100001011010011111111001,00010100101100111000010000010000100000101100000111111010011111100100000000100101011000011011010010110000101010101010101010101010
osnma,33,0,10000110,00101111000010110001101101110001,00000010010101010101010101010101010101010101010101010101010101010101010101010101010101010101010101001010110000110110100101100011
osnma,7,0,01011000,00101111000010110001101101110001,00000010010101010101010101010101010101010101010101010101010101010101010101010101010101010101010101001010110000110110100101100011
osnma,7,0,00001000,01110000001100010000000000000000,00000010010101010101010101010101010101010101010101010101010101010101010101010101010101010101010101001010110000110110100101100101
osnma,33,0,10101011,01110000001100010000000000000000,00000010010101010101010101010101010101010101010101010101010101010101010101010101010101010101010101001010110000110110100101100101
osnma,33,2,01010010,00100010101101100001111110110101,00001000011100110011011111010001011001001010010000101000101001110011000100001010001011111000111111111011001101010000001010110001
osnma,7,2,01010010,10101000111000010001010100000010,00001000011100111000110101101010111110100000111100100111000000000111100001010000111001001101111110111010010010110001010000001001
osnma,33,4,01100011,01100000100101011000001101000000,00010000011100111000011111111111010001000000000001110000111001111110111111110001000111001000100011000000000000000001001100000001
osnma,7,4,01100001,11001001101011100111001111010100,00010000011100110001111111111111010000111111111110000000111001111110111111101001010110111110000011011111111111110001000100000001
osnma,7,6,01100001,00111010100101010011000111000111,00011011111111111111111111111111111111000000000000000000000001000100100011000010101100100010011110001001000110110100101101011010
osnma,33,6,00100111,00110111011001011010011001010011,00011011111111111111111111111111111111000000000000000000000001000100100011000010101100100010011110001001000110110100101101011010
osnma,7,9,01111101,00001000000000111010000110111101,00100100110001011100110011010101110100000000001010010100000000000010000000011000000001100000000010011000000011000100011110010111
osnma,33,9,10010010,00011001000001000000001111010100,00100100110001011100110011010101110100000000001010010100000000000010000000011000000001100000000010011000000011000100011110010111
osnma,33,10,00111010,10011001111101111110010100001000,00101000111000110101101011111111100010111001101010001111111101100111011111111111110000000000000001010100000000001001001000101100
osnma,7,10,11001001,10111010010110100001100100011001,00101000111000110101101011111111100010111001101010001111111101100111011111111111110000000000000001010100000000001001001000101100
osnma,33,0,01110010,00000011100111100111010010100101,00000010010101010101010101010101010101010101010101010101010101010101010101010101010101010101010101001010110000110110100101110001
osnma,7,0,11111001,00000100101011101111011110011111,00000010010101010101010101010101010101010101010101010101010101010101010101010101010101010101010101001010110000110110100101110001
osnma,33,0,10001101,00010011100111110010000111000011,00000010010101010101010101010101010101010101010101010101010101010101010101010101010101010101010101001010110000110110100101110011
osnma,7,0,00010100,10011110100000010000011111000011,00000010010101010101010101010101010101010101010101010101010101010101010101010101010101010101010101001010110000110110100101110011
osnma,33,0,10110100,11101001000101101000011001100001,00000010010101010101010101010101010101010101010101010101010101010101010101010101010101010101010101001010110000110110100101110101
osnma,7,0,11110010,11101000000111111001001111010100,00000010010101010101010101010101010101010101010101010101010101010101010101010101010101010101010101001010110000110110100101110101
osnma,33,0,11001000,01011001000010110000001111000101,00000010010101010101010101010101010101010101010101010101010101010101010101010101010101010101010101001010110000110110100101110111
osnma,7,0,11111100,01100010000000110000001101111011,00000010010101010101010101010101010101010101010101010101010101010101010101010101010101010101010101001010110000110110100101110111
osnma,33,0,10111001,10001101111110111100000001111100,00000010010101010101010101010101010101010101010101010101010101010101010101010101010101010101010101001010110000110110100101111001
osnma,7,0,01110110,10001010100111011110000100101011,00000010010101010101010101010101010101010101010101010101010101010101010101010101010101010101010101001010110000110110100101111001
osnma,33,1,10000111,00000100110001010110010000100000,00000100011100110011100111111000011100001001100111001101101110000000000001000011001000110101001010101000000100110101011101010011
osnma,7,1,10001110,00001011110000110110010000100000,00000100011100110011100111111001001111111110100011101010100101000000000010100000101100000111101010101000000101000010000111101111
osnma,33,3,10100010,11001110000000110001111001000000,00001100011100111111111111000000010101100010000010111011111111101010000011111011100101100011001001100001111111011110110001101011
osnma,7,3,11101010,11001110000000110001111001000000,00001100011100111111111111000110011111100010000010011010111111101011001000010101110100110000111011011010111111100001011101101011
osnma,33,5,00001000,00100101100110111110000101001000,00010100101100111000010000010000100000101100000111111010011111100100000000100101011000011011010010111111101010101010101010101010
osnma,7,5,01011011,00100101100110111110000101001000,00010100101100111000010000010000100000101100000000001100000000110110000000100101011000011011010010111111101010101010101010101010
osnma,33,0,10001101,01110000110111111111011011111110,00000010010101010101010101010101010101010101010101010101010101010101010101010101010101010101010101001010110000110110100110000001
osnma,7,0,00101110,01110000110111111111011011111110,00000010010101010101010101010101010101010101010101010101010101010101010101010101010101010101010101001010110000110110100110000001
osnma,7,0,00101010,01001110000010010000000000000000,00000010010101010101010101010101010101010101010101010101010101010101010101010101010101010101010101001010110000110110100110000011
osnma,33,0,01001010,01001110000010010000000000000000,00000010010101010101010101010101010101010101010101010101010101010101010101010101010101010101010101001010110000110110100110000011
osnma,7,2,01010010,00000100010111011011101000001001,00001000011100111000110101101010111110100000111100100111000000000111100001010000111001001101111110111010010010110001010000001001
osnma,33,2,01010010,01000001101011000101110110000000,00001000011100110011011111010001011001001010010000101000101001110011000100001010001011111000111111111011001101010000001010110001
osnma,7,4,01100010,01001001000100011101001101100100,00010000011100110001111111111111010000111111111110000000111001111110111111101001010110111110000011011111111111110001000100000001
osnma,33,4,01100100,11010010001010110010001111101101,00010000011100111000011111111111010001000000000001110000111001111110111111110001000111001000100011000000000000000001001100000001
osnma,7,6,00000111,01001110110010100001100010100010,00011011111111111111111111111111111111000000000000000000000001000100100011000010101100100010011110001001000110110100110001001010
osnma,33,6,10000000,10001010101000011001001010011001,00011011111111111111111111111111111111000000000000000000000001000100100011000010101100100010011110001001000110110100110001001010
osnma,33,7,00010011,00010101000001001001111010001110,00011100110001011100110001000000000010100000000011111100111000111011111100101111000110101101011111111100100000011100100011010101
osnma,7,7,11111000,00010101000001000011111011110101,00011100110001011100110001000000000010100000000011111100111000111011111100101111000110101101011111111100100000011100100011010101
osnma,7,8,00101010,10100011110110110101000011111111,00100000111111110111001010111111111111000000001010000000010101000000010101101110001100011111100101111000110101101010111111100100
osnma,33,8,00010110,10010100000100001110010011111111,00100000111111110111001010111111111111000000001010000000010101000000010101101110001100011111100101111000110101101010111111100100
osnma,33,0,01001111,01000000111101011001001001110010,00000010010101010101010101010101010101010101010101010101010101010101010101010101010101010101010101001010110000110110100110001111
osnma,7,0,01101001,01000000110101000010010111111010,00000010010101010101010101010101010101010101010101010101010101010101010101010101010101010101010101001010110000110110100110001111
osnma,7,0,01111111,00011101110000100000010000000101,00000010010101010101010101010101010101010101010101010101010101010101010101010101010101010101010101001010110000110110100110010001
osnma,33,0,01100011,10010011110001000000001100000011,00000010010101010101010101010101010101010101010101010101010101010101010101010101010101010101010101001010110000110110100110010001
osnma,7,0,01110001,10010100001111100011101010000000,00000010010101010101010101010101010101010101010101010101010101010101010101010101010101010101010101001010110000110110100110010011
osnma,33,0,01001101,00110100011011101010111010001111,00000010010101010101010101010101010101010101010101010101010101010101010101010101010101010101010101001010110000110110100110010011
osnma,33,0,11011001,10100111001000011100001110000100,00000010010101010101010101010101010101010101010101010101010101010101010101010101010101010101010101001010110000110110100110010101
osnma,7,0,11111110,01100000000001111100001111011011,00000010010101010101010101010101010101010101010101010101010101010101010101010101010101010101010101001010110000110110100110010101
osnma,33,0,11101011,10100010101110111011010101111110,00000010010101010101010101010101010101010101010101010101010101010101010101010101010101010101010101001010110000110110100110010111
osnma,7,0,01100010,11101000100010100111000111001001,00000010010101010101010101010101010101010101010101010101010101010101010101010101010101010101010101001010110000110110100110010111
osnma,33,1,10010001,00011001000001000101100101111111,00000100011100110011100111111000011100001001100111001101101110000000000001000011001000110101001010101000000100110101011101010011
osnma,7,1,00100000,00001000000000110101100101111111,00000100011100110011100111111001001111111110100011101010100101000000000010100000101100000111101010101000000101000010000111101111
osnma,33,3,10010000,01101100101000100110011101111100,00001100011100111111111111000000010101100010000010111011111111101010000011111011100101100011001001100001111111011110110001101011
osnma,7,3,00110011,01101100101000100110011101111100,00001100011100111111111111000110011111100010000010011010111111101011001000010101110100110000111011011010111111100001011101101011
osnma,7,5,00101110,00110100000100011110100011001100,00010100101100111000010000010000100000101100000000001100000000110110000000100101011000011011010011001110101010101010101010101010
osnma,33,5,11100100,00110100000100011110100011001100,00010100101100111000010000010000100000101100000111111010011111100100000000100101011000011011010011001110101010101010101010101010
osnma,33,0,01101100,01110111000000011110001110001100,00000010010101010101010101010101010101010101010101010101010101010101010101010101010101010101010101001010110000110110100110011111
osnma,7,0,10000110,01110111000000011110001110001100,00000010010101010101010101010101010101010101010101010101010101010101010101010101010101010101010101001010110000110110100110011111
osnma,33,0,00111011,10001101010011100000000000000000,00000010010101010101010101010101010101010101010101010101010101010101010101010101010101010101010101001010110000110110100110100001
osnma,7,0,10101011,10001101010011100000000000000000,00000010010101010101010101010101010101010101010101010101010101010101010101010101010101010101010101001010110000110110100110100001
osnma,33,2,01010010,11011000001100110001100111111010,00001000011100110011011111010001011001001010010000101000101001110011000100001010001011111000111111111011001101010000001010110001
osnma,7,2,01010010,01100111110100001010011110001111,00001000011100111000110101101010111110100000111100100111000000000111100001010000111001001101111110111010010010110001010000001001
osnma,33,4,01100101,01001001100110001100001101011001,00010000011100111000011111111111010001000000000001110000111001111110111111110001000111001000100011000000000000000001001100000001
osnma,7,4,01100011,10100111100110011101001100110100,00010000011100110001111111111111010000111111111110000000111001111110111111101001010110111110000011011111111111110001000100000001
osnma,33,6,11010001,11010110001001111110101010110011,00011011111111111111111111111111111111000000000000000000000001000100100011000010101100100010011110001001000110110100110100111010
osnma,7,6,00100111,11010110011100001011010101001111,00011011111111111111111111111111111111000000000000000000000001000100100011000010101100100010011110001001000110110100110100111010
osnma,7,9,10010010,00001000000000110001100010110111,00100100110001011100111011100011001010111111111010110000000000000010000000000010101010101010101010101010101010101010101010101010
osnma,33,9,11010110,00011001000001000011110011110110,00100100110001011100111011100011001010111111111010110000000000000010000000000010101010101010101010101010101010101010101010101010
osnma,7,10,00111010,10110101011011000000101000011001,00101000111010101010101010101010101010101010101010101010101010101010101010101010101010000000000001010100000000001001001000101100
osnma,33,10,11000010,11001110010010000011100000001000,00101000111010101010101010101010101010101010101010101010101010101010101010101010101010000000000001010100000000001001001000101100
osnma,33,0,00010111,00000011111101011101001010001001,00000010010101010101010101010101010101010101010101010101010101010101010101010101010101010101010101001010110000110110100110101101
osnma,7,0,01110010,00000100000110101011110111000010,00000010010101010101010101010101010101010101010101010101010101010101010101010101010101010101010101001010110000110110100110101101
osnma,33,0,10111011,11001010101110110010000111000011,00000010010101010101010101010101010101010101010101010101010101010101010101010101010101010101010101001010110000110110100110101111
osnma,7,0,10001101,11101001101100000000011111000011,00000010010101010101010101010101010101010101010101010101010101010101010101010101010101010101010101001010110000110110100110101111
osnma,7,0,10110100,11011001000001100000001000011101,00000010010101010101010101010101010101010101010101010101010101010101010101010101010101010101010101001010110000110110100110110001
osnma,33,0,01001101,10000010111010001011101001011110,00000010010101010101010101010101010101010101010101010101010101010101010101010101010101010101010101001010110000110110100110110001
osnma,33,0,10111111,01101010000010110000001101111001,00000010010101010101010101010101010101010101010101010101010101010101010101010101010101010101010101001010110000110110100110110011
osnma,7,0,11001000,00110111000110110000001111100001,00000010010101010101010101010101010101010101010101010101010101010101010101010101010101010101010101001010110000110110100110110011
osnma,33,0,01001010,01001110100001111111011111001000,00000010010101010101010101010101010101010101010101010101010101010101010101010101010101010101010101001010110000110110100110110101
osnma,7,0,10111001,01011010111000101011101100010100,00000010010101010101010101010101010101010101010101010101010101010101010101010101010101010101010101001010110000110110100110110101
osnma,33,1,10001000,00000100110001010001011100001011,00000100011100110011100111111000011100001001100111001101101110000000000001000011001000110101001010101000000100110101011101010011
osnma,7,1,10000111,00000011110000110001011100001011,00000100011100110011100111111001001111111110100011101010100101000000000010100000101100000111101010101000000101000010000111101111
osnma,7,3,10100010,00010110110010000000100001011000,00001100011100111111111111000110011111100010000010011010111111101011001000010101110100110000111011011010111111100001011101101011
osnma,33,3,10111000,00010110110010000000100001011000,00001100011100111111111111000000010101100010000010111011111111101010000011111011100101100011001001100001111111011110110001101011
osnma,33,5,11110011,11010011111010001010000101100000,00010100101100111000010000010000100000101100000111111010011111100100000000100101011000011011010011011101101010101010101010101010
osnma,7,5,00001000,11010011111010001010000101100000,00010100101100111000010000010000100000101100000000001100000000110110000000100101011000011011010011011101101010101010101010101010
osnma,33,0,11101100,00000000110100001011101001110011,00000010010101010101010101010101010101010101010101010101010101010101010101010101010101010101010101001010110000110110100110111101
osnma,7,0,10001101,00000000110100001011101001110011,00000010010101010101010101010101010101010101010101010101010101010101010101010101010101010101010101001010110000110110100110111101
osnma,33,0,10111010,11011010101100000000000000000000,00000010010101010101010101010101010101010101010101010101010101010101010101010101010101010101010101001010110000110110100110111111
osnma,7,0,01001010,11011010101100000000000000000000,00000010010101010101010101010101010101010101010101010101010101010101010101010101010101010101010101001010110000110110100110111111
osnma,7,2,01010010,00111111011011000100000100001100,00001000011100111000110101101010111110100000111100100111000000000111100001010000111001001101111110111010010010110001010000001001
osnma,33,2,01010010,11000000001111100000000011110000,00001000011100110011011111010001011001001010010000101000101001110011000100001010001011111000111111111011001101010000001010110001
osnma,7,4,01100100,11100110111101000010001100101110,00010000011100110001111111111111010000111111111110000000111001111110111111101001010110111110000011011111111111110001000100000001
osnma,33,4,01100110,11111111011101100111001110000010,00010000011100111000011111111111010001000000000001110000111001111110111111110001000111001000100011000000000000000001001100000001
osnma,33,6,10100101,10001000101100010111001011110110,00011011111111111111111111111111111111000000000000000000000001000100100011000010101100100010011110001001000110110100111000101010
osnma,7,6,10000000,01000111000011010000100110010101,00011011111111111111111111111111111111000000000000000000000001000100100011000010101100100010011110001001000110110100111000101010
osnma,7,7,00010011,00001011000000110100001111101010,00011100110001011100110001110000000010101000000101001110010011100000111100101111000110101101011111111100100100111111111010010101
osnma,33,7,11111001,00010101000001001001111100011000,00011100110001011100110001110000000010101000000101001110010011100000111100101111000110101101011111111100100100111111111010010101
osnma,33,8,00111110,01110111101101110001000011111111,00100000111111111010010110111111111111100000010000000000010000000000100101111011011001101111101101101000110101001100111111100100
osnma,7,8,00010110,01110110001100101000101011111111,00100000111111111010010110111111111111100000010000000000010000000000100101111011011001101111101101101000110101001100111111100100
osnma,7,0,01001111,01000000011011110000001000011110,00000010010101010101010101010101010101010101010101010101010101010101010101010101010101010101010101001010110000110110100111001011
osnma,33,0,10000101,01000000010000100011101000011100,00000010010101010101010101010101010101010101010101010101010101010101010101010101010101010101010101001010110000110110100111001011
osnma,33,0,11101000,00011001110111110001101100000011,00000010010101010101010101010101010101010101010101010101010101010101010101010101010101010101010101001010110000110110100111001101
osnma,7,0,01100011,10101011010000110001010100000100,00000010010101010101010101010101010101010101010101010101010101010101010101010101010101010101010101001010110000110110100111001101
osnma,33,0,01110111,01011101111010101101111111001000,00000010010101010101010101010101010101010101010101010101010101010101010101010101010101010101010101001010110000110110100111001111
osnma,7,0,01001101,11000111110110100101000111101001,00000010010101010101010101010101010101010101010101010101010101010101010101010101010101010101010101001010110000110110100111001111
osnma,7,0,11011001,11110011000001111100001101100100,00000010010101010101010101010101010101010101010101010101010101010101010101010101010101010101010101001010110000110110100111010001
osnma,33,0,00001001,11001100001000011100001111101101,00000010010101010101010101010101010101010101010101010101010101010101010101010101010101010101010101001010110000110110100111010001
osnma,7,0,11101011,11000000011111000011000000001100,00000010010101010101010101010101010101010101010101010101010101010101010101010101010101010101010101001010110000110110100111010011
osnma,33,0,00101101,10110110101000101111001010010011,00000010010101010101010101010101010101010101010101010101010101010101010101010101010101010101010101001010110000110110100111010011
osnma,7,1,10010001,00001000000000110001001111010110,00000100011100110011100111111001001111111110100011101010100101000000000010100000101100000111101010101000000101000010000111101111
osnma,33,1,00011001,00011001000001000001001111010110,00000100011100110011100111111000011100001001100111001101101110000000000001000011001000110101001010101000000100110101011101010011
osnma,33,3,11110100,10110010110100010001101010110110,00001100011100111111111111000000010101100010000010111011111111101010000011111011100101100011001001100001111111011110110001101011
osnma,7,3,10010000,10110010110100010001101010110110,00001100011100111111111111000110011111100010000010011010111111101011001000010101110100110000111011011010111111100001011101101011
osnma,33,5,10001100,01011101100110011010100110110110,00010100101100111000010000010000100000101100000111111010011111100100000000100101011000011011010011101100101010101010101010101010
osnma,7,5,11100100,01011101100110011010100110110110,00010100101100111000010000010000100000101100000000001100000000110110000000100101011000011011010011101100101010101010101010101010
osnma,33,0,11111100,11000011111011011101010011000000,00000010010101010101010101010101010101010101010101010101010101010101010101010101010101010101010101001010110000110110100111011011
osnma,7,0,01101100,11000011111011011101010011000000,00000010010101010101010101010101010101010101010101010101010101010101010101010101010101010101010101001010110000110110100111011011
osnma,33,0,11011010,01101011101111110000000000000000,00000010010101010101010101010101010101010101010101010101010101010101010101010101010101010101010101001010110000110110100111011101
osnma,7,0,00111011,01101011101111110000000000000000,00000010010101010101010101010101010101010101010101010101010101010101010101010101010101010101010101001010110000110110100111011101
osnma,33,2,01010010,00000111111110110101111000100010,00001000011100110011011111010001011001001010010000101000101001110011000100001010001011111000111111111011001101010000001010110001
osnma,7,2,01010010,00001101100101001001101110111010,00001000011100111000110101101010111110100000111100100111000000000111100001010000111001001101111110111010010010110001010000001001
osnma,7,4,01100101,00010000000111000111001111000100,00010000011100110001111111111111010000111111111110000000111001111110111111101001010110111110000011011111111111110001000100000001
osnma,33,4,01100111,01011111101010111011001111101001,00010000011100111000011111111111010001000000000001110000111001111110111111110001000111001000100011000000000000000001001100000001
osnma,7,6,11010001,10101111100011000101011111101000,00011011111111111111111111111111111111000000000000000000000001000100100011000010101100100010011110001001000110110100111100011010
osnma,33,6,10111011,01000110100111101011101110111000,00011011111111111111111111111111111111000000000000000000000001000100100011000010101100100010011110001001000110110100111100011010
osnma,33,9,01101001,00001000000000111001000001100101,00100100110001011100110101111001001101111111101101010111111111111100000001001000000000111000000010110111100011010110011110110110
osnma,7,9,11010110,00001000000000111000011110110011,00100100110001011100110101111001001101111111101101010111111111111100000001001000000000111000000010110111100011010110011110110110
osnma,7,10,11000010,10111100100111111110011100011011,00101000111000110101001100111111100101100001100110101111111101100010111111111111000000000000000001010100000000001001001000101100
osnma,33,10,10010100,11010010001001011110100100001011,00101000111000110101001100111111100101100001100110101111111101100010111111111111000000000000000001010100000000001001001000101100
osnma,33,0,00001110,00000011110111010001000001010001,00000010010101010101010101010101010101010101010101010101010101010101010101010101010101010101010101001010110000110110100111101001
osnma,7,0,00010111,00000011011111111010010011101001,00000010010101010101010101010101010101010101010101010101010101010101010101010101010101010101010101001010110000110110100111101001
osnma,33,0,11001111,00000011110101110010000111000011,00000010010101010101010101010101010101010101010101010101010101010101010101010101010101010101010101001010110000110110100111101011
osnma,7,0,10111011,01110110001101010000011111000011,00000010010101010101010101010101010101010101010101010101010101010101010101010101010101010101010101001010110000110110100111101011
osnma,33,0,01010010,10111011010110110100100011110100,00000010010101010101010101010101010101010101010101010101010101010101010101010101010101010101010101001010110000110110100111101101
osnma,7,0,01001101,10101010100000010101111110000100,00000010010101010101010101010101010101010101010101010101010101010101010101010101010101010101010101001010110000110110100111101101
osnma,33,0,01100101,11011101000001000000010101001110,00000010010101010101010101010101010101010101010101010101010101010101010101010101010101010101010101001010110000110110100111101111
osnma,7,0,10111111,01100011000000110000001100000001,00000010010101010101010101010101010101010101010101010101010101010101010101010101010101010101010101001010110000110110100111101111
osnma,7,0,01001010,10001010001101011000111010100011,00000010010101010101010101010101010101010101010101010101010101010101010101010101010101010101010101001010110000110110100111110001
osnma,33,0,00110100,01001011101001011111001100101011,00000010010101010101010101010101010101010101010101010101010101010101010101010101010101010101010101001010110000110110100111110001
osnma,7,1,10001000,00001110110000110110011101110000,00000100011100110011100111111001001111111110100011101010100101000000000010100000101100000111101010101000000101000010000111101111
osnma,33,1,00011011,00001110110000110110011101110000,00000100011100110011100111111000011100001001100111001101101110000000000001000011001000110101001010101000000100110101011101010011
osnma,33,3,01110100,01010111110000001100100100110000,00001100011100111111111111000000010101100010000010111011111111101010000011111011100101100011001001100001111111011110110001101011
osnma,7,3,10111000,01010111110000001100100100110000,00001100011100111111111111000110011111100010000010011010111111101011001000010101110100110000111011011010111111100001011101101011
osnma,7,5,11110011,10001110010011000101111011010011,00010100101100111000010000010000100000101100000000001100000000110110000000100101011000011011010011111011101010101010101010101010
osnma,33,5,00001101,10001110010011000101111011010011,00010100101100111000010000010000100000101100000111111010011111100100000000100101011000011011010011111011101010101010101010101010
osnma,33,0,11010001,11010110000010111110100011110101,00000010010101010101010101010101010101010101010101010101010101010101010101010101010101010101010101001010110000110110100111111001
osnma,7,0,11101100,11010110000010111110100011110101,00000010010101010101010101010101010101010101010101010101010101010101010101010101010101010101010101001010110000110110100111111001
osnma,7,0,10111010,01111101000011010000000000000000,00000010010101010101010101010101010101010101010101010101010101010101010101010101010101010101010101001010110000110110100111111011
osnma,33,0,01001101,01111101000011010000000000000000,00000010010101010101010101010101010101010101010101010101010101010101010101010101010101010101010101001010110000110110100111111011
osnma,33,2,01010010,10110110011010001001101110010100,00001000011100110011011111010001011001001010010000101000101001110011000100001010001011111000111111111011001101010000001010110001
osnma,7,2,01010010,10100001000001000101001100111110,00001000011100111000110101101010111110100000111100100111000000000111100001010000111001001101111110111010010010110001010000001001
osnma,33,4,01100000,11000100010110001010001111111010,00010000011100111000011111111111010001000000000001110000111001111110111111110001000111001000100011000000000000000001001100000001
osnma,7,4,01100110,11100010010100001111001111001111,00010000011100110001111111111111010000111111111110000000111001111110111111101001010110111110000011011111111111110001000100000001
osnma,33,6,00100010,10101000100010110001100011011000,00011011111111111111111111111111111111000000000000000000000001000100100011000010101100100010011110001001000110110101000000001010
osnma,7,6,10100101,00010001111011100101110111001000,00011011111111111111111111111111111111000000000000000000000001000100100011000010101100100010011110001001000110110101000000001010
osnma,33,7,01010000,00010101000001000010011101100011,00011100110001011100110010100000000000110000000111010100111101100011000011010100011011110111111111111100001100110000000001010101
osnma,7,7,11111001,00001011000000110001111010000011,00011100110001011100110010100000000000110000000111010100111101100011000011010100011011110111111111111100001100110000000001010101
osnma,33,8,01001001,00111101010010011111001011111111,00100000111111111011111000111111111111111110010110000000001100000001000010011001011000000000010110100011011111101100111111100000
osnma,7,8,00111110,11110001101100000000011111111111,00100000111111111011111000111111111111111110010110000000001100000001000010011001011000000000010110100011011111101100111111100000
osnma,7,0,10000101,01000000001101111001000100001111,00000010010101010101010101010101010101010101010101010101010101010101010101010101010101010101010101001010110000110110101000000111
osnma,33,0,00100001,01000000011101100100000111010011,00000010010101010101010101010101010101010101010101010101010101010101010101010101010101010101010101001010110000110110101000000111
osnma,33,0,00000100,01101001101111000001101100000011,00000010010101010101010101010101010101010101010101010101010101010101010101010101010101010101010101001010110000110110101000001001
osnma,7,0,11101000,10000110101110100001010100000100,00000010010101010101010101010101010101010101010101010101010101010101010101010101010101010101010101001010110000110110101000001001
osnma,33,0,10101100,01100111001110011001001010010101,00000010010101010101010101010101010101010101010101010101010101010101010101010101010101010101010101001010110000110110101000001011
osnma,7,0,01110111,00001001111000001111111000010000,00000010010101010101010101010101010101010101010101010101010101010101010101010101010101010101010101001010110000110110101000001011
osnma,33,0,00111110,00001001001000011100001101011101,00000010010101010101010101010101010101010101010101010101010101010101010101010101010101010101010101001010110000110110101000001101
osnma,7,0,00001001,10101111000001111100001101111000,00000010010101010101010101010101010101010101010101010101010101010101010101010101010101010101010101001010110000110110101000001101
osnma,33,0,00100010,00110101111011111110101110110100,00000010010101010101010101010101010101010101010101010101010101010101010101010101010101010101010101001010110000110110101000001111
osnma,7,0,00101101,11010010101100101110101100010101,00000010010101010101010101010101010101010101010101010101010101010101010101010101010101010101010101001010110000110110101000001111
osnma,33,1,10010110,00001000000000111111111000111011,00000100011100110011100111111000011100001001100111001101101110000000000001000011001000110101001010101000000100110101011101010011
osnma,7,1,00011001,00001000000000111111111000111011,00000100011100110011100111111001001111111110100011101010100101000000000010100000101100000111101010101000000101000010000111101111
osnma,33,3,01111010,10010101000000010001101101001010,00001100011100111111111111000000010101100010000010111011111111101010000011111011100101100011001001100001111111011110110001101011
osnma,7,3,11110100,10010101000000010001101101001010,00001100011100111111111111000110011111100010000010011010111111101011001000010101110100110000111011011010111111100001011101101011
osnma,33,5,00111000,00000011011001111110000100110000,00010100101100111000010000010000100000101100000111111010011111100100000000100101011000011011010100001010101010101010101010101010
osnma,7,5,10001100,00000011011001111110000100110000,00010100101100111000010000010000100000101100000000001100000000110110000000100101011000011011010100001010101010101010101010101010
osnma,7,0,11111100,10011011110001000011111000010100,00000010010101010101010101010101010101010101010101010101010101010101010101010101010101010101010101001010110000110110101000010111
osnma,33,0,01011000,10011011110001000011111000010100,00000010010101010101010101010101010101010101010101010101010101010101010101010101010101010101010101001010110000110110101000010111
osnma,7,0,11011010,01010011101010100000000000000000,00000010010101010101010101010101010101010101010101010101010101010101010101010101010101010101010101001010110000110110101000011001
osnma,33,0,00001000,01010011101010100000000000000000,00000010010101010101010101010101010101010101010101010101010101010101010101010101010101010101010101001010110000110110101000011001
osnma,7,2,01010010,10100101110101001111000010100001,00001000011100111000110101101010111110100000111100100111000000000111100001010000111001001101111110111010010010110001010000001001
osnma,33,2,01010010,11000010011101111001011111010000,00001000011100110011011111010001011001001010010000101000101001110011000100001010001011111000111111111011001101010000001010110001
osnma,33,4,01100001,01110010001010111011001111100010,00010000011100111000011111111111010001000000000001110000111001111110111111110001000111001000100011000000000000000001001100000001
osnma,7,4,01100111,10111000010011010001001110101100,00010000011100110001111111111111010000111111111110000000111001111110111111101001010110111110000011011111111111110001000100000001
osnma,33,6,01100001,00011100101001000011110111001100,00011011111111111111111111111111111111000000000000000000000001000100100011000010101100100010011110001001000110110101000011111010
osnma,7,6,10111011,00111010010001001001110111001101,00011011111111111111111111111111111111000000000000000000000001000100100011000010101100100010011110001001000110110101000011111010
osnma,33,9,01111101,00001000000000110101101100010110,00100100110001011100111101011101101011000001011110000111111110110100000001100000000000100100000010111001001000101110100001011010
osnma,7,9,01101001,00001000000000111100011111101010,00100100110001011100111101011101101011000001011110000111111110110100000001100000000000100100000010111001001000101110100001011010
osnma,7,10,10010100,00011110110110111111000000011011,00101000110011011111101100111111100000000011100000101111111111101010111111111110110000000000000001010100000000001001001000101100
osnma,33,10,11001001,01100001100000111101001100001011,00101000110011011111101100111111100000000011100000101111111111101010111111111110110000000000000001010100000000001001001000101100
osnma,7,0,00001110,00000011011110000001111110111101,00000010010101010101010101010101010101010101010101010101010101010101010101010101010101010101010101001010110000110110101000100101
osnma,33,0,11111001,00000011011011111000000101100110,00000010010101010101010101010101010101010101010101010101010101010101010101010101010101010101010101001010110000110110101000100101
osnma,7,0,11001111,00011111101100000000011111000011,00000010010101010101010101010101010101010101010101010101010101010101010101010101010101010101010101001010110000110110101000100111
osnma,33,0,00010100,00101001010101110010000111000011,00000010010101010101010101010101010101010101010101010101010101010101010101010101010101010101010101001010110000110110101000100111
osnma,33,0,11110010,10011000111001101101110001110111,00000010010101010101010101010101010101010101010101010101010101010101010101010101010101010101010101001010110000110110101000101001
osnma,7,0,01010010,10011011001110111000001000101101,00000010010101010101010101010101010101010101010101010101010101010101010101010101010101010101010101001010110000110110101000101001
osnma,33,0,11111100,10101100000001000000010111011100,00000010010101010101010101010101010101010101010101010101010101010101010101010101010101010101010101001010110000110110101000101011
osnma,7,0,01100101,10011001000000110000001100100001,00000010010101010101010101010101010101010101010101010101010101010101010101010101010101010101010101001010110000110110101000101011
osnma,7,0,00110100,10111100001010110101000110011110,00000010010101010101010101010101010101010101010101010101010101010101010101010101010101010101010101001010110000110110101000101101
osnma,33,0,01110110,01001011100010000110101000110100,00000010010101010101010101010101010101010101010101010101010101010101010101010101010101010101010101001010110000110110101000101101
osnma,7,1,00011011,00001110110000111000011001001000,00000100011100110011100111111001001111111110100011101010100101000000000010100000101100000111101010101000000101000010000111101111
osnma,33,1,10001110,00001110110000111000011001001000,00000100011100110011100111111000011100001001100111001101101110000000000001000011001000110101001010101000000100110101011101010011
osnma,33,3,11101010,10110010110011001101110100100111,00001100011100111111111111000000010101100010000010111011111111101010000011111011100101100011001001100001111111011110110001101011
osnma,7,3,01110100,10110010110011001101110100100111,00001100011100111111111111000110011111100010000010011010111111101011001000010101110100110000111011011010111111100001011101101011
osnma,7,5,00001101,11111110001111010000010101100011,00010100101100111000010000010000100000101100000000001100000000110110000000100101011000011011010100011001101010101010101010101010
osnma,33,5,01011011,11111110001111010000010101100011,00010100101100111000010000010000100000101100000111111010011111100100000000100101011000011011010100011001101010101010101010101010
osnma,33,0,00101110,01011110011101011010111010100011,00000010010101010101010101010101010101010101010101010101010101010101010101010101010101010101010101001010110000110110101000110101
osnma,7,0,11010001,01011110011101011010111010100011,00000010010101010101010101010101010101010101010101010101010101010101010101010101010101010101010101001010110000110110101000110101
osnma,33,0,00101010,10111110110011100000000000000000,00000010010101010101010101010101010101010101010101010101010101010101010101010101010101010101010101001010110000110110101000110111
osnma,7,0,01001101,10111110110011100000000000000000,00000010010101010101010101010101010101010101010101010101010101010101010101010101010101010101010101001010110000110110101000110111
osnma,7,2,01010010,00010100010100101011001000111101,00001000011100111000110101101010111110100000111100100111000000000111100001010000111001001101111110111010010010110001010000001001
osnma,33,2,01010010,00110100101011110010111101011101,00001000011100110011011111010001011001001010010000101000101001110011000100001010001011111000111111111011001101010000001010110001
osnma,33,4,01100010,01101100010110101100001100000000,00010000011100111000011111111111010001000000000001110000111001111110111111110001000111001000100011000000000000000001001100000001
osnma,7,4,01100000,01111001111110101001001110101001,00010000011100110001111111111111010000111111111110000000111001111110111111101001010110111110000011011111111111110001000100000001
osnma,7,6,00100010,10111100101111010100101001101111,00011011111111111111111111111111111111000000000000000000000001000100100011000010101100100010011110001001000110110101000111101010
osnma,33,6,00000111,10101101101001000001111100101010,00011011111111111111111111111111111111000000000000000000000001000100100011000010101100100010011110001001000110110101000111101010
osnma,33,7,11111000,00011011000000111111101000010110,00011100110001011100110011010000000001001000000010000011101101001100000011010100011011111010010111111100000101000000011000010101
osnma,7,7,01010000,00001011000000111001010001000011,00011100110001011100110011010000000001001000000010000011101101001100000011010100011011111010010111111100000101000000011000010101
osnma,33,8,00101010,11010110101101000111000011111111,00100000110000000011100001000000000000000000000000101010101010101010101010101010101010101010101010101010101010101010101010101010
osnma,7,8,01001001,10111001001011111010111011111111,00100000110000000011100001000000000000000000000000101010101010101010101010101010101010101010101010101010101010101010101010101010
osnma,33,0,01101001,01000000011010101111011110001111,00000010010101010101010101010101010101010101010101010101010101010101010101010101010101010101010101001010110000110110101001000011
osnma,7,0,00100001,01000000001100110011110001001111,00000010010101010101010101010101010101010101010101010101010101010101010101010101010101010101010101001010110000110110101001000011
osnma,33,0,01111111,10100000101000110000001100000011,00000010010101010101010101010101010101010101010101010101010101010101010101010101010101010101010101001010110000110110101001000101
osnma,7,0,00000100,00101100101000110000010000000101,00000010010101010101010101010101010101010101010101010101010101010101010101010101010101010101010101001010110000110110101001000101
osnma,33,0,01110001,10000000110000001011000010000101,00000010010101010101010101010101010101010101010101010101010101010101010101010101010101010101010101001010110000110110101001000111
osnma,7,0,10101100,10111100111101011000011000111101,00000010010101010101010101010101010101010101010101010101010101010101010101010101010101010101010101001010110000110110101001000111
osnma,33,0,11111110,00100110001000011100001111111100,00000010010101010101010101010101010101010101010101010101010101010101010101010101010101010101010101001010110000110110101001001001
osnma,7,0,00111110,01001001000001111100001100100100,00000010010101010101010101010101010101010101010101010101010101010101010101010101010101010101010101001010110000110110101001001001
osnma,33,0,01100010,10111011110010001011110101010001,00000010010101010101010101010101010101010101010101010101010101010101010101010101010101010101010101001010110000110110101001001011
osnma,7,0,00100010,11011111000101010111111000001001,00000010010101010101010101010101010101010101010101010101010101010101010101010101010101010101010101001010110000110110101001001011
osnma,7,1,10010110,00001000000000111010110001001000,00000100011100110011100111111001001111111110100011101010100101000000000010100000101100000111101010101000000101000010000111101111
osnma,33,1,00100000,00001000000000111010110001001000,00000100011100110011100111111000011100001001100111001101101110000000000001000011001000110101001010101000000100110101011101010011
osnma,7,3,01111010,01111010111110110001001000001010,00001100011100111111111111000110011111100010000010011010111111101011001000010101110100110000111011011010111111100001011101101011
osnma,33,3,00110011,01111010111110110001001000001010,00001100011100111111111111000000010101100010000010111011111111101010000011111011100101100011001001100001111111011110110001101011
osnma,33,5,00101110,11011011101110011011001101011010,00010100101100111000010000010000100000101100000111111010011111100100000000100101011000011011010100101000101010101010101010101010
osnma,7,5,00111000,11011011101110011011001101011010,00010100101100111000010000010000100000101100000000001100000000110110000000100101011000011011010100101000101010101010101010101010
osnma,7,0,01011000,10111111111011000011111111000101,00000010010101010101010101010101010101010101010101010101010101010101010101010101010101010101010101001010110000110110101001010011
osnma,33,0,10000110,10111111111011000011111111000101,00000010010101010101010101010101010101010101010101010101010101010101010101010101010101010101010101001010110000110110101001010011
osnma,7,0,00001000,01111111100010100000000000000000,00000010010101010101010101010101010101010101010101010101010101010101010101010101010101010101010101001010110000110110101001010101
osnma,33,0,10101011,01111111100010100000000000000000,00000010010101010101010101010101010101010101010101010101010101010101010101010101010101010101010101001010110000110110101001010101
osnma,33,2,01010010,01010100000000011110110111101111,00001000011100110011011111010001011001001010010000101000101001110011000100001010001011111000111111111011001101010000001010110001
osnma,7,2,01010010,01001010111110110010110111100010,00001000011100111000110101101010111110100000111100100111000000000111100001010000111001001101111110111010010010110001010000001001
osnma,7,4,01100001,11001111000010010010001101100101,00010000011100110001111111111111010000111111111110000000111001111110111111101001010110111110000011011111111111110001000100000001
osnma,33,4,01100011,11010100010010011001001101101010,00010000011100111000011111111111010001000000000001110000111001111110111111110001000111001000100011000000000000000001001100000001
osnma,7,6,01100001,00101010011110001001100110001001,00011011111111111111111111111111111111000000000000000000000001000100100011000010101100100010011110001001000110110101001011011010
osnma,33,6,00100111,01000100010111100101101100010011,00011011111111111111111111111111111111000000000000000000000001000100100011000010101100100010011110001001000110110101001011011010
osnma,33,9,10010010,00001000000000110111100011011111,00100100110001011100110101010101010101010101010101010101010101010101010001111000000000101000000000100010000100000010100001101010
osnma,7,9,01111101,00001000000000111110000011101001,00100100110001011100110101010101010101010101010101010101010101010101010001111000000000101000000000100010000100000010100001101010
osnma,7,10,11001001,00001000111110000110000100000011,00101000110011011111010001111111100000110100110100101000000010111111111111111111110000000000000001010100000000001001001000101100
osnma,33,10,00111010,10100010100010001001110000001011,00101000110011011111010001111111100000110100110100101000000010111111111111111111110000000000000001010100000000001001001000101100
osnma,7,0,11111001,00000011001111111111010100010000,00000010010101010101010101010101010101010101010101010101010101010101010101010101010101010101010101001010110000110110101001100001
osnma,33,0,01110010,00000011011111010100010010111110,00000010010101010101010101010101010101010101010101010101010101010101010101010101010101010101010101001010110000110110101001100001
osnma,33,0,10001101,00101000111010000010000111000011,00000010010101010101010101010101010101010101010101010101010101010101010101010101010101010101010101001010110000110110101001100011
osnma,7,0,00010100,00000100100011000000011111000011,00000010010101010101010101010101010101010101010101010101010101010101010101010101010101010101010101001010110000110110101001100011
osnma,33,0,10110100,01111001101010110001001111010011,00000010010101010101010101010101010101010101010101010101010101010101010101010101010101010101010101001010110000110110101001100101
osnma,7,0,11110010,10000111001100100111101000100001,00000010010101010101010101010101010101010101010101010101010101010101010101010101010101010101010101001010110000110110101001100101
osnma,33,0,11001000,10111101000001000000010110111101,00000010010101010101010101010101010101010101010101010101010101010101010101010101010101010101010101001010110000110110101001100111
osnma,7,0,11111100,00000100000011100000001111001100,00000010010101010101010101010101010101010101010101010101010101010101010101010101010101010101010101001010110000110110101001100111
osnma,33,0,10111001,10000011010110110000000000111001,00000010010101010101010101010101010101010101010101010101010101010101010101010101010101010101010101001010110000110110101001101001
osnma,7,0,01110110,00110110010011000101000101000000,00000010010101010101010101010101010101010101010101010101010101010101010101010101010101010101010101001010110000110110101001101001
osnma,33,1,10000111,00001110110000110011101001100011,00000100011100110011100111111000011100001001100111001101101110000000000001000011001000110101001010101000000100110101011101010011
osnma,7,1,10001110,00001011110000110011101001100011,00000100011100110011100111111001001111111110100011101010100101000000000010100000101100000111101010101000000101000010000111101111
osnma,7,3,11101010,11001011000101101000110101000000,00001100011100111111111111000110011111100010000010011010111111101011001000010101110100110000111011011010111111100001011101101011
osnma,33,3,10100010,11001011000101101000110101000000,00001100011100111111111111000000010101100010000010111011111111101010000011111011100101100011001001100001111111011110110001101011
osnma,33,5,00001000,10100101110111111101011101111101,00010100101100111000010000010000100000101100000111111010011111100100000000100101011000011011010100110111101010101010101010101010
osnma,7,5,01011011,10100101110111111101011101111101,00010100101100111000010000010000100000101100000000001100000000110110000000100101011000011011010100110111101010101010101010101010
osnma,33,0,10001101,11100101010000011101100000100111,00000010010101010101010101010101010101010101010101010101010101010101010101010101010101010101010101001010110000110110101001110001
osnma,7,0,00101110,11100101010000011101100000100111,00000010010101010101010101010101010101010101010101010101010101010101010101010101010101010101010101001010110000110110101001110001
osnma,7,0,00101010,01100010011010100000000000000000,00000010010101010101010101010101010101010101010101010101010101010101010101010101010101010101010101001010110000110110101001110011
osnma,33,0,01001010,01100010011010100000000000000000,00000010010101010101010101010101010101010101010101010101010101010101010101010101010101010101010101001010110000110110101001110011
osnma,33,2,01010010,01010101000000011110100010001110,00001000011101000011011111010001010110110000100100101000101001110011000100101111001011111000011011000010110100010000001011111101
osnma,7,2,01010010,10001101000101100101001000100010,00001000011101001000110101101010111100011101101000100111000000000111100100100001111001001110000111110100010111110001001110011101
osnma,33,4,01100100,00100111101101010001001111100011,00010000011101001000011111111111001101000000000001001100111010001000111111110001000111001000100101000000000000000001001000000001
osnma,7,4,01100010,10111111110110000011001100101001,00010000011101000001111111111111011000111111111101110000111010001000111111101001010110111101110010011111111111110001001000000001
osnma,7,6,00000111,10000001111011100000110100110011,00011011111111111111111111111111111111000000000000000000000001000100100011000010101100100010011110001001000110110101001111001010
osnma,33,6,10000000,11100011100010000000010111111011,00011011111111111111111111111111111111000000000000000000000001000100100011000010101100100010011110001001000110110101001111001010
osnma,33,7,00010011,00000011000000110101101011110110,00011101000001011101000000000101010101010101010101010101010101010101010101010101010101010101010101010101010101010101010101010101
osnma,7,7,11111000,00000100000001010001010011111001,00011101000001011101000000000101010101010101010101010101010101010101010101010101010101010101010101010101010101010101010101010101
osnma,7,8,00101010,01111000001101001010010011111111,00100001000101010101010101010101010101010100000000101010101010101010101010101010101010101010101010101010101010101010101010101010
osnma,33,8,00010110,11110011000111001010111111111111,00100001000101010101010101010101010101010100000000101010101010101010101010101010101010101010101010101010101010101010101010101010
osnma,33,0,01001111,01000000101010100111110111110100,00000010010101010101010101010101010101010101010101010101010101010101010101010101010101010101010101001010110000110110101001111111
osnma,7,0,01101001,01000000001010101111100111010001,00000010010101010101010101010101010101010101010101010101010101010101010101010101010101010101010101001010110000110110101001111111
osnma,33,0,01100011,11101100010110100000010100000011,00000010010101010101010101010101010101010101010101010101010101010101010101010101010101010101010101001010110000110110101010000001
osnma,7,0,01111111,11100001100000000000010100000011,00000010010101010101010101010101010101010101010101010101010101010101010101010101010101010101010101001010110000110110101010000001
osnma,7,0,01110001,01110010011000000001000001110010,00000010010101010101010101010101010101010101010101010101010101010101010101010101010101010101010101001010110000110110101010000011
osnma,33,0,01001101,00100010011000110000101001111000,00000010010101010101010101010101010101010101010101010101010101010101010101010101010101010101010101001010110000110110101010000011
osnma,7,0,11111110,00011100000001111100001100011100,00000010010101010101010101010101010101010101010101010101010101010101010101010101010101010101010101001010110000110110101010000101
osnma,33,0,11011001,11110000001000011100001111001100,00000010010101010101010101010101010101010101010101010101010101010101010101010101010101010101010101001010110000110110101010000101
osnma,7,0,01100010,11110101111001111100000111110111,00000010010101010101010101010101010101010101010101010101010101010101010101010101010101010101010101001010110000110110101010000111
osnma,33,0,11101011,01100110000010111011000010000100,00000010010101010101010101010101010101010101010101010101010101010101010101010101010101010101010101001010110000110110101010000111
osnma,7,1,00100000,00001000000000110010011100001100,00000100011101000011101000100001010010111111111101110010111100000000000010100000101000100010111010101000000101000010001111111011
osnma,33,1,10010001,00001000000000110010011100001100,00000100011101000011101000100000011111001101111000101010010111000000000001000011000111110011111010101000000100110101010101101011
osnma,33,3,10010000,00101000000101100000111110100111,00001100011101001111111111000000011100110010000010110100111111101011011011111011100110110011001001011001111111100000100101101011
osnma,7,3,00110011,00101000000101100000111110100111,00001100011101001111111111000110011100010010000010101000111111101001100100010101111100000000111011000010111111100000001101101011
osnma,33,5,11100100,00001010111111011100010101100001,00010100101100111000010000010000100000101100000111111010011111100100000000100101011000011011010101000110101010101010101010101010
osnma,7,5,00101110,00001010111111011100010101100001,00010100101100111000010000010000100000101100000000001100000000110110000000100101011000011011010101000110101010101010101010101010
osnma,33,0,01101100,00010011101110111010011110101101,00000010010101010101010101010101010101010101010101010101010101010101010101010101010101010101010101001010110000110110101010001111
osnma,7,0,10000110,00010011101110111010011110101101,00000010010101010101010101010101010101010101010101010101010101010101010101010101010101010101010101001010110000110110101010001111
osnma,33,0,00111011,11011000111011000000000000000000,00000010010101010101010101010101010101010101010101010101010101010101010101010101010101010101010101001010110000110110101010010001
osnma,7,0,10101011,11011000111011000000000000000000,00000010010101010101010101010101010101010101010101010101010101010101010101010101010101010101010101001010110000110110101010010001
osnma,7,2,01010010,00010111011110011100100010110001,00001000011101001000110101101010111100011101101000100111000000000111100100100001111001001110000111110100010111110001001110011101
osnma,33,2,01010010,00000010100001100000000110011111,00001000011101000011011111010001010110110000100100101000101001110011000100101111001011111000011011000010110100010000001011111101
osnma,7,4,01100011,00110000011100101110110001100101,00010000011101000001111111111111011000111111111101110000111010001000111111101001010110111101110010011111111111110001001000000001
osnma,33,4,01100101,10100101001010000100110011001010,00010000011101001000011111111111001101000000000001001100111010001000111111110001000111001000100101000000000000000001001000000001
osnma,33,6,11010001,01000100000001010011001000011101,00011011111111111111111111111111111111000000000000000000000001000100100011000010101100100010011110001001000110110101010010111010
osnma,7,6,00100111,00101011100111110110011010100111,00011011111111111111111111111111111111000000000000000000000001000100100011000010101100100010011110001001000110110101010010111010
osnma,7,9,10010010,00001000000000111011100001010010,00100101000001011101000101010101010101010101010101010101010101010101010000000010101010101010101010101010101010101010101010101010
osnma,33,9,11010110,00001000000000111001010000000000,00100101000001011101000101010101010101010101010101010101010101010101010000000010101010101010101010101010101010101010101010101010
osnma,7,10,00111010,10001010000001111101101100000011,00101001001010101010101010101010101010101010101010101010101010101010101010101010101010000000000001010100000000001001001000101100
osnma,33,10,11000010,10110111010110110000111000001011,00101001001010101010101010101010101010101010101010101010101010101010101010101010101010000000000001010100000000001001001000101100
osnma,7,0,01110010,00000011001001011010111010110001,00000010010101010101010101010101010101010101010101010101010101010101010101010101010101010101010101001010110000110110101010011101
osnma,33,0,00010111,00000011100011111011001101110100,00000010010101010101010101010101010101010101010101010101010101010101010101010101010101010101010101001010110000110110101010011101
osnma,33,0,10111011,00110001011110100010000111001100,00000010010101010101010101010101010101010101010101010101010101010101010101010101010101010101010101001010110000110110101010011111
osnma,7,0,10001101,00111110011001010000011111001100,00000010010101010101010101010101010101010101010101010101010101010101010101010101010101010101010101001010110000110110101010011111
osnma,7,0,10110100,00110000001111011100010010000010,00000010010101010101010101010101010101010101010101010101010101010101010101010101010101010101010101001010110000110110101010100001
osnma,33,0,01001101,11110010000111011101010010110010,00000010010101010101010101010101010101010101010101010101010101010101010101010101010101010101010101001010110000110110101010100001
osnma,33,0,10111111,10010001000001000000010101001001,00000010010101010101010101010101010101010101010101010101010101010101010101010101010101010101010101001010110000110110101010100011
osnma,7,0,11001000,10011100000011100000001110000011,00000010010101010101010101010101010101010101010101010101010101010101010101010101010101010101010101001010110000110110101010100011
osnma,7,0,10111001,10001110000100011011001100000001,00000010010101010101010101010101010101010101010101010101010101010101010101010101010101010101010101001010110000110110101010100101
osnma,33,0,01001010,10001011111101001010111001001001,00000010010101010101010101010101010101010101010101010101010101010101010101010101010101010101010101001010110000110110101010100101
osnma,7,1,10000111,00001011110000110100001100101100,00000100011101000011101000100001010010111111111101110010111100000000000010100000101000100010111010101000000101000010001111111011
osnma,33,1,10001000,00001110110000110100001100101100,00000100011101000011101000100000011111001101111000101010010111000000000001000011000111110011111010101000000100110101010101101011
osnma,33,3,10111000,00111101111111000110001111110101,00001100011101001111111111000000011100110010000010110100111111101011011011111011100110110011001001011001111111100000100101101011
osnma,7,3,10100010,00111101111111000110001111110101,00001100011101001111111111000110011100010010000010101000111111101001100100010101111100000000111011000010111111100000001101101011
osnma,7,5,00001000,00110010000111010101001111000001,00010100101100111000010000010000100000101100000000001100000000110110000000100101011000011011010101010101101010101010101010101010
osnma,33,5,11110011,00110010000111010101001111000001,00010100101100111000010000010000100000101100000111111010011111100100000000100101011000011011010101010101101010101010101010101010
osnma,33,0,11101100,01100101000111111011111101110011,00000010010101010101010101010101010101010101010101010101010101010101010101010101010101010101010101001010110000110110101010101101
osnma,7,0,10001101,01100101000111111011111101110011,00000010010101010101010101010101010101010101010101010101010101010101010101010101010101010101010101001010110000110110101010101101
osnma,33,0,10111010,00011001011001110000000000000000,00000010010101010101010101010101010101010101010101010101010101010101010101010101010101010101010101001010110000110110101010101111
osnma,7,0,01001010,00011001011001110000000000000000,00000010010101010101010101010101010101010101010101010101010101010101010101010101010101010101010101001010110000110110101010101111
osnma,7,2,01010010,00110000111111001100101110010110,00001000011101001000110101101010111100011101101000100111000000000111100100100001111001001110000111110100010111110001001110011101
osnma,33,2,01010010,01000100101111100101100111100010,00001000011101000011011111010001010110110000100100101000101001110011000100101111001011111000011011000010110100010000001011111101
osnma,7,4,01100100,10001100001100001001010000101011,00010000011101000001111111111111011000111111111101110000111010001000111111101001010110111101110010011111111111110001001000000001
osnma,33,4,01100110,00101110110011110000010010011100,00010000011101001000011111111111001101000000000001001100111010001000111111110001000111001000100101000000000000000001001000000001
osnma,33,6,10100101,00111111100100101100111001100100,00011011111111111111111111111111111111000000000000000000000001000100100011000010101100100010011110001001000110110101010110101010
osnma,7,6,10000000,11100011111010100111000100100101,00011011111111111111111111111111111111000000000000000000000001000100100011000010101100100010011110001001000110110101010110101010
osnma,33,7,11111001,00000011000000110111110011011001,00011101000001011101000100110000000001111000000011101100001100001110111101101001000110110000010111111100100011100011101000010101
osnma,7,7,00010011,00000100000001010100000101110100,00011101000001011101000100110000000001111000000011101100001100001110111101101001000110110000010111111100100011100011101000010101
osnma,33,8,00111110,11110100000111101000011011111111,00100001001111010111001010000000001110101010000000101010101010101010101010101010101010101010101010101010101010101010101010101010
osnma,7,8,00010110,10001101000001101101001011111111,00100001001111010111001010000000001110101010000000101010101010101010101010101010101010101010101010101010101010101010101010101010
osnma,33,0,10000101,01000000000100100011000110111101,00000010010101010101010101010101010101010101010101010101010101010101010101010101010101010101010101001010110000110110101010111011
osnma,7,0,01001111,01000000001010100111111001001001,00000010010101010101010101010101010101010101010101010101010101010101010101010101010101010101010101001010110000110110101010111011
osnma,7,0,01100011,00100101110011110000010100000011,00000010010101010101010101010101010101010101010101010101010101010101010101010101010101010101010101001010110000110110101010111101
osnma,33,0,11101000,11100110101000000000010100000011,00000010010101010101010101010101010101010101010101010101010101010101010101010101010101010101010101001010110000110110101010111101
osnma,33,0,01110111,01000010000010010011001110100001,00000010010101010101010101010101010101010101010101010101010101010101010101010101010101010101010101001010110000110110101010111111
osnma,7,0,01001101,00100000101111111100000100010100,00000010010101010101010101010101010101010101010101010101010101010101010101010101010101010101010101001010110000110110101010111111
osnma,33,0,00001001,01011011001000011100010011000100,00000010010101010101010101010101010101010101010101010101010101010101010101010101010101010101010101001010110000110110101011000001
osnma,7,0,11011001,00110110000001111100010000101001,00000010010101010101010101010101010101010101010101010101010101010101010101010101010101010101010101001010110000110110101011000001
osnma,33,0,00101101,11011111100000101100110011110101,00000010010101010101010101010101010101010101010101010101010101010101010101010101010101010101010101001010110000110110101011000011
osnma,7,0,11101011,10100000100000011100110100111111,00000010010101010101010101010101010101010101010101010101010101010101010101010101010101010101010101001010110000110110101011000011
osnma,33,1,00011001,00001000000000110110011110011110,00000100011101000011101000100000011111001101111000101010010111000000000001000011000111110011111010101000000100110101010101101011
osnma,7,1,10010001,00001000000000110110011110011110,00000100011101000011101000100001010010111111111101110010111100000000000010100000101000100010111010101000000101000010001111111011
osnma,33,3,11110100,11000110010000111011001000001010,00001100011101001111111111000000011100110010000010110100111111101011011011111011100110110011001001011001111111100000100101101011
osnma,7,3,10010000,11000110010000111011001000001010,00001100011101001111111111000110011100010010000010101000111111101001100100010101111100000000111011000010111111100000001101101011
osnma,33,5,10001100,00011011000001110101101001101010,00010100101100111000010000010000100000101100000111111010011111100100000000100101011000011011010101100100101010101010101010101010
osnma,7,5,11100100,00011011000001110101101001101010,00010100101100111000010000010000100000101100000000001100000000110110000000100101011000011011010101100100101010101010101010101010
osnma,33,0,11111100,01111011110100000100011100110011,00000010010101010101010101010101010101010101010101010101010101010101010101010101010101010101010101001010110000110110101011001011
osnma,7,0,01101100,01111011110100000100011100110011,00000010010101010101010101010101010101010101010101010101010101010101010101010101010101010101010101001010110000110110101011001011
osnma,33,0,11011010,01000110101010100000000000000000,00000010010101010101010101010101010101010101010101010101010101010101010101010101010101010101010101001010110000110110101011001101
osnma,7,0,00111011,01000110101010100000000000000000,00000010010101010101010101010101010101010101010101010101010101010101010101010101010101010101010101001010110000110110101011001101
